grain,category,verdict,est_onset,est_b64,est_end,pb_onset,pb_b64,pb_end,pf_onset,pf_b64,pf_end,closer_mid,closer_end,reason
g001,d,per-bin right,6,~95,~95,6,92,96,119,0,94,PB,PB,"PB follows the own tube all movie; PF's end state misses it (evidence detached at the rim) and takes a tube sweeping past from b116: onset 119, 0 at mid, final 94 = foreign tube, equal by coincidence"
g002,c,both wrong,~44,~15,~75 (b104-112),84,0,172,88,0,38,-,-,"own defocused tube grows down from ~b40; both start at 84/88 on foreign tubes touching the grain (PB 172 = long horizontal foreign tube, PF 38 = tube at its top)"
g003,c,both wrong,~58,~35,~200,32,26,138,57,64,236,-,-,"pair with g006 (62 px apart): g003's tube leaves its bottom ~b58 and runs down past g006; PF takes g006's up-right tube passing g003's rim (236), PB reads bits along the rim (26) then a foreign reading (138)"
g004,c,both wrong,unclear,?,?,13,38,112,94,0,55,-,-,"no clear tube at its free rim (a tube from the g004/g005 junction may be its own); both decoders measure g001's tube that ends at g004's rim (PB 112, PF 55)"
g005,"a,c",both wrong (PB less wrong),~11,~75,~120,10,8,102,none,0,0,-,PB,"clear thick tube down from ~b11; PF tubeless (its evidence starts off the rim; only candidate = link to g004, rejected born_far_first); PB onset right but fit 6-8 px until b72, end 102"
g006,c,both wrong,~17,~110,~250,17,27,27,63,20,170,-,-,own up-right S tube from b17; PB onset right but region cut at g003's ring -> 27 all movie; PF onset 63 on g003's downward tube passing g006 -> 170 (tubes of the pair swapped)
g007,"b,c",both wrong (PB less wrong),~22,~100,?,24,30,116,117,0,46,PB,?,"grain drifts ~50 px while its tube grows; PF's tracker loses it at b24 and later claims a foreign tube at the census spot (onset 117, 46); PB onset right but fit stuck at ~30 over b40-100"
g008,d,both ok,~28,~72,~230-250,30,74,250,26,72,230,tie,tie,"same tube, same tips all movie; PB reads 5-10% longer than PF (pixel-staircase path); tube reaches the frame top at the end"
g009,c,per-bin right,~11,~150,~220 (last seen b90),11,144,224,17,2,250,PB,PB,"PB tracks the growth (19/65/144/224) and holds after the grain is dragged away; PF reads 2 px for 90 bins, then a foreign tube at the empty census spot grown at the speed cap to 250"
g010,b,both wrong (tie; both ok to b107),~41,~30,~170,45,30,124,22,27,120,tie,tie,both follow the tube to b107 (124/120); then the base loses evidence and the tube swings left and grows to ~170; PB 'burst' and PF 'held_after:107' both freeze ~120; PF onset 22 early (dark rim spot)
g011,b,both wrong (tie),~19,~50,>=200,38,34,154,39,32,147,tie,tie,"dark young tube missed by the network until the grain rotates at b38 (both onsets 38/39); both read the growth to ~150 by b88 but not its later extension past the squiggle (PB plateau 154, PF held 147)"
g012,"b,c",per-bin right,~20,~72,>=200 (175 @b96),36,72,179,19,70,108,tie,PB,PF onset right (19 vs PB 36); mid both 70-72; PF anchors at b81 (held 108) while the tube grows to ~175 by b96 (PB 179) and >=200 later
g013,"b,c",per-bin right,~17,~84,~85,15,84,86,19,57,59,PB,PB,"grain jumps 25 px at b16->17 and an 85-px tube appears; PB's tracker follows (84-86); PF's template tracker stays on the census spot, so its path starts 25 px down the tube (57-59)"
g014,"a,c",both wrong (PB less wrong),~7,~120,~200,7,18,34,none,0,0,-,-,clear tube right from b7 (~120 px at b64); PB raw readings follow it to b68 then ~0 for 60 bins -> L1 fit dragged to 18 (34 end); PF tubeless (end-state region at the rim < 4 px long)
g015,c,both wrong,~8,~60,~60-70,8,20,45,18,71,84,-,-,own tube right from b8; PB stuck at 18-20 then 45; PF claims the g013-g015 S tube (also credited to g013: double count) -> 71/84
g016,"a,c",both wrong (PB less wrong),~10,~80 (visible),>100,24,24,24,none,0,0,-,-,"grain on the frame's right edge, clear tube curving left from ~b10; edge band masked; PB onset 24 and 'burst'/grain-gone at 27 -> 24; PF tubeless"
g017,d,both wrong,~11,>100 (coil),>100 (coil),11,8,8,81,0,10,-,-,"short tube from b11 becomes a long dark coil after the grain shifts at ~b22; PB 'burst' at 13 -> 8, PF 10 from b81; the two agree and are both wrong"
g018,"a,c",both wrong (PB less wrong),~14,~80,>=150,115,0,86,none,0,0,tie,PB,"clear tube from b14 down-left; grain drifts 76 px into the left frame edge, and the any-bin frame mask blocks the tube's whole side all movie; PB 0 until b115 then 86; PF tubeless (its tracker also lags the grain by ~38 px)"
g019,"a,c",both wrong (PB less wrong),~15,~120,~220,16,20,36,none,0,0,-,-,wide double-edged tube; network marks only the stub and the tip; PB reads the stub (20/36); PF's only candidate (16-px stub) rejected born_far_first:125>17 -> tubeless
g020,"a,c",both wrong (PB less wrong),~11,~75,~200,10,14,16,none,0,0,-,-,"dark thick tube left from b11, missed by the network except stub and tip; PB 14-16; PF tubeless"
g021,"b,c",prefix right,~18,~135,~135 (last seen),19,98,351,12,121,121,PF,PF,"tube ~135 px when the grain is dragged away (~b66); PF lags early (24 px over b28-44) but its b62 anchor holds 121; PB exact early, then fit held at 98 and its tracker jumps to g028's tube -> 351"
g022,"a,c",both wrong,~40,~40,~110,28,2,54,none,0,0,-,-,"dark tube from the lower right from ~b40, crossing g027's tube; network misses it; PB 2 px junk then one foreign reading along g027's tube -> 54; PF tubeless"
g023,b,both wrong (PF marginally closer),~6,60-100 (coil),~100 (coil),7,8,12,4,16,16,-,-,"short straight tube (~25 px at b25) then a dark coil hanging from its tip; PB 8-12, PF 16 (held after 25); neither measures the coil"
g024,"b,c",both wrong (no tube),no tube,0,0,50,90,90,64,16,149,-,-,"census 'grain' is an out-of-focus ghost disc; PB reads g021's tube passing it (90), PF a tube linking two other grains (149)"
g025,c,both wrong (no tube),no tube,0,0,0,20,20,117,0,50,-,-,"census ghost disc below g023; PB 20 from g023's region at the start, PF 50 along g023's coil extension"
g026,b,both wrong (tie; both ok to b28),~9,~45-60,~45-60,12,34,34,8,30,30,tie,tie,both right to b28 (33/30); at b28-32 the grain jumps and the tube becomes a static thick 'dumbbell' with a swollen tip; both hold 30-34 (low confidence on the post-jump length)
g027,"b,c",prefix right,~10,~122,~265,12,47,48,10,122,172,PF,PF,PF tracks every stage (36/58/80/122/172 at b24-84) then holds 172 while the tube hooks on to ~265; PB truncated at a crossing with g022's tube: 47 from b32 to the end
g028,"b,c",per-bin right,~5,~154,~345-365,5,154,379,71,0,332,PB,tie,"PB follows the whole growth (30/54/154/366); PF 0 until b70 (grain drift + tube swing outside its deformation models), onset 71, then 332 by its b104 anchor (end fine)"
g029,"b,c",per-bin right,~21,~66,~210 (b107),23,66,221,13,22,22,PB,PB,"PB raw = visible (40/66/208); PF's anchor-bin mean probability is above 0.5 only on the first 24 px of the swaying tube, so its path and final length are 22"
g030,"a,c",can't tell,can't tell,?,?,98,0,127,none,0,0,?,?,"grain half outside the right frame edge; a dark knob at its rim, no measurable own tube visible; PB's 127 from b98 is certainly foreign; PF tubeless plausible"
g031,"b,c",prefix right,~10,~80,~230,4,78,235,13,76,153,tie,PF,"both on the tube to b88 (107/153 vs ~150); the grain then moves; PB's tracker loses it and reads an unrelated tube (235, numerically close by accident); PF holds 153 on the right tube (low)"
g032,"b,c",per-bin right,~8,~140,~200 (last seen b116),8,124,140,118,0,33,PB,PB,PB raw exact (10/33/43/140) and holds 124-140 as the grain drifts 90 px and vanishes; PF 0 until b117 then 33 px of a foreign tube
g033,d,per-bin right,~27,~50,~135-140,33,50,140,16,4,135,PB,tie,"tube grows up (50 px at b64), grain rotates ~b90 and the tube lies left to the frame edge; PF reads 4 px (a rim knob) until b90 because the tube pointed 90 deg from its end-state path; both ~135-140 at the end"
g034,c,both wrong (PF less wrong on length),~12,~110+,>=150,13,40,40,31,114,114,PF,PF,"tube ~55 px at b30, longer after a scene jump at b30->31 and still extending; PB 'burst' at 26 -> 40 (below the 55 already visible); PF onset 31 (late), 114 with its last part along a foreign loop"
g035,b,both wrong,~12,>=40 (tangle),>=40 (tangle),13,6,10,11,10,13,-,-,"tube ~35-40 px by b28, then part of a dark tangle after the b30->31 jump; PB 6-10, PF 10-13 (both far too short)"
g036,b,prefix right,~9,~95,>=125,15,51,84,4,84,86,PF,tie,PF tracks the wide tube (24/50/84/86 at b28-102); PB's fit stuck at 20 (b20-56) and 51 (b64-110) although raw reads ~100; end: both ~85 while the tube is >=125
g037,b,both wrong,~7,~45 (to edge),>=45 (exits frame),9,12,12,17,15,15,-,-,"grain on the bottom edge; hooked tube curves into the masked edge band; PB 12 ('burst' at 11), PF 15 (onset 17, held after 20)"
